listing_id,listing_url,field,value
4573955047,https://www.etsy.com/listing/4573955047,title,"Christmas Gift Tracker Spreadsheet 2026, Holiday Budget Planner Excel Google Sheets, Gift List Countdown Dashboard, Instant Download"
4573955047,https://www.etsy.com/listing/4573955047,tag_01,gift tracker sheet
4573955047,https://www.etsy.com/listing/4573955047,tag_02,holiday budget plan
4573955047,https://www.etsy.com/listing/4573955047,tag_03,gift list template
4573955047,https://www.etsy.com/listing/4573955047,tag_04,google sheets xmas
4573955047,https://www.etsy.com/listing/4573955047,tag_05,excel budget planner
4573955047,https://www.etsy.com/listing/4573955047,tag_06,xmas planner 2026
4573955047,https://www.etsy.com/listing/4573955047,tag_07,holiday shopping log
4573955047,https://www.etsy.com/listing/4573955047,tag_08,xmas budget tracker
4573955047,https://www.etsy.com/listing/4573955047,tag_09,secret santa sheet
4573955047,https://www.etsy.com/listing/4573955047,tag_10,stocking stuffer log
4573955047,https://www.etsy.com/listing/4573955047,tag_11,xmas countdown sheet
4573955047,https://www.etsy.com/listing/4573955047,tag_12,holiday planner pdf
4573955047,https://www.etsy.com/listing/4573955047,tag_13,gift organizer xls
4573955047,https://www.etsy.com/listing/4573955047,recommended_price,8.99
4573853611,https://www.etsy.com/listing/4573853611,title,"Crochet Christmas Tree Skirt Pattern, Bobble Snowflake Tree Collar PDF, 3 Sizes Easy Holiday Home Decor, Beginner US UK Terms Download"
4573853611,https://www.etsy.com/listing/4573853611,tag_01,christmas tree skirt
4573853611,https://www.etsy.com/listing/4573853611,tag_02,crochet tree collar
4573853611,https://www.etsy.com/listing/4573853611,tag_03,tree skirt pattern
4573853611,https://www.etsy.com/listing/4573853611,tag_04,bobble stitch pdf
4573853611,https://www.etsy.com/listing/4573853611,tag_05,crochet home decor
4573853611,https://www.etsy.com/listing/4573853611,tag_06,holiday decor pdf
4573853611,https://www.etsy.com/listing/4573853611,tag_07,christmas crochet
4573853611,https://www.etsy.com/listing/4573853611,tag_08,easy crochet pattern
4573853611,https://www.etsy.com/listing/4573853611,tag_09,beginner crochet pdf
4573853611,https://www.etsy.com/listing/4573853611,tag_10,snowflake crochet
4573853611,https://www.etsy.com/listing/4573853611,tag_11,winter decor pattern
4573853611,https://www.etsy.com/listing/4573853611,tag_12,xmas tree skirt
4573853611,https://www.etsy.com/listing/4573853611,tag_13,us uk terms pattern
4573853611,https://www.etsy.com/listing/4573853611,category_fix,Patterns & How To > Crochet Patterns (currently: Craft Supplies & Tools)
4573849581,https://www.etsy.com/listing/4573849581,title,"Christmas Crochet Ornament Bundle, 3 in 1 Bauble Star Snowflake PDF, Quick Stocking Stuffer Amigurumi, Stash Buster Holiday Decor Gift"
4573849581,https://www.etsy.com/listing/4573849581,tag_01,xmas ornament pdf
4573849581,https://www.etsy.com/listing/4573849581,tag_02,ornament crochet pdf
4573849581,https://www.etsy.com/listing/4573849581,tag_03,ornament bundle pdf
4573849581,https://www.etsy.com/listing/4573849581,tag_04,amigurumi ornament
4573849581,https://www.etsy.com/listing/4573849581,tag_05,crochet bauble pdf
4573849581,https://www.etsy.com/listing/4573849581,tag_06,snowflake ornament
4573849581,https://www.etsy.com/listing/4573849581,tag_07,crochet star xmas
4573849581,https://www.etsy.com/listing/4573849581,tag_08,stocking stuffer
4573849581,https://www.etsy.com/listing/4573849581,tag_09,quick crochet gift
4573849581,https://www.etsy.com/listing/4573849581,tag_10,stash buster pdf
4573849581,https://www.etsy.com/listing/4573849581,tag_11,holiday decor pdf
4573849581,https://www.etsy.com/listing/4573849581,tag_12,no sew crochet pdf
4573849581,https://www.etsy.com/listing/4573849581,tag_13,bulk ornament pdf
